"FEATURE_ID","LAST_UPDATE_BY","ROOT_VERSION_ID","CREATED_BY","APP_WIDE","FEATURE_NAME","CREATED_AT","CREATED_DESIGNER_VERSION","KIND","STABLE_VERSION_ID","ELEMENT_PATH_RULES","LAST_UPDATED_AT","_KLEENE_EXTRACT_DATE","_KLEENE_METADATA_ID"
"-EzUBjoBg_v2DsR44weaEYTJQeA","Bonnie  Bakoh","-EzUBjoBg_v2DsR44weaEYTJQeA","Bonnie  Bakoh","true","Feefo","2022-10-10T10:14:54Z","4.2.3","Feature","-EzUBjoBg_v2DsR44weaEYTJQeA-20221010101454.421384437","[""div:nth-child(50) > .MuiPaper-root > .MuiCardActions-root:nth-child(3) > .MuiButtonBase-root > .MuiButton-label:nth-child(1)""]","1665396894412","2022-10-31T17:17:33Z","cbd3067f182f1d6e595831b7280ed55c"
"VlpNeiel63Y_Ddx2rKUx2WffBOM","Bonnie  Bakoh","VlpNeiel63Y_Ddx2rKUx2WffBOM","Bonnie  Bakoh","true","MySQL","2022-10-10T10:20:38Z","4.2.3","Feature","VlpNeiel63Y_Ddx2rKUx2WffBOM-20221010102038.262412870","[""div:nth-child(83) > .MuiPaper-root > .MuiCardActions-root:nth-child(3) > .MuiButtonBase-root > .MuiButton-label:nth-child(1)""]","1665397238251","2022-10-31T17:17:33Z","cbd3067f182f1d6e595831b7280ed55c"
"Dpihmat2HGn6X24ElRR9qKRVRj4","Bonnie  Bakoh","Dpihmat2HGn6X24ElRR9qKRVRj4","Bonnie  Bakoh","true","NetSuite Connector","2022-10-08T16:46:00Z","4.2.3","Feature","Dpihmat2HGn6X24ElRR9qKRVRj4-20221008164600.693967041","[""div:nth-child(84) > .MuiPaper-root > .MuiCardActions-root:nth-child(3) > .MuiButtonBase-root > .MuiButton-label:nth-child(1)""]","1665247560682","2022-10-31T17:17:33Z","cbd3067f182f1d6e595831b7280ed55c"
"qlNVjukgviBfv4mjMvw3Nqjnfcc","Bonnie  Bakoh","qlNVjukgviBfv4mjMvw3Nqjnfcc","Bonnie  Bakoh","true","Monday.com","2022-10-10T10:20:12Z","4.2.3","Feature","qlNVjukgviBfv4mjMvw3Nqjnfcc-20221010102012.220153655","[""div:nth-child(80) > .MuiPaper-root > .MuiCardActions-root:nth-child(3) > .MuiButtonBase-root > .MuiButton-label:nth-child(1)""]","1665397212213","2022-10-31T17:17:33Z","cbd3067f182f1d6e595831b7280ed55c"
"Pvf4iVqu14Ri9-TH2dYyIsgSrN0","Bonnie  Bakoh","Pvf4iVqu14Ri9-TH2dYyIsgSrN0","Bonnie  Bakoh","true","Adtraction","2022-10-10T10:05:40Z","4.2.3","Feature","Pvf4iVqu14Ri9-TH2dYyIsgSrN0-20221010100540.240630408","[""div:nth-child(4) > .MuiPaper-root > .MuiCardActions-root:nth-child(3) > .MuiButtonBase-root > .MuiButton-label:nth-child(1)""]","1665396340231","2022-10-31T17:17:33Z","cbd3067f182f1d6e595831b7280ed55c"
"stHDhy_nohVq68eyxG-K4a6HZ9Q","Bonnie  Bakoh","stHDhy_nohVq68eyxG-K4a6HZ9Q","Bonnie  Bakoh","true","Famly","2022-10-10T10:14:44Z","4.2.3","Feature","stHDhy_nohVq68eyxG-K4a6HZ9Q-20221010101444.573624650","[""div:nth-child(49) > .MuiPaper-root > .MuiCardActions-root:nth-child(3) > .MuiButtonBase-root > .MuiButton-label:nth-child(1)""]","1665396884564","2022-10-31T17:17:33Z","cbd3067f182f1d6e595831b7280ed55c"
"Zfmv8iO9_jWOxwnmdnrHUAICJP8","Bonnie  Bakoh","Zfmv8iO9_jWOxwnmdnrHUAICJP8","Bonnie  Bakoh","true","Talkdesk","2022-10-10T10:25:26Z","4.2.3","Feature","Zfmv8iO9_jWOxwnmdnrHUAICJP8-20221010102526.038690043","[""div:nth-child(115) > .MuiPaper-root > .MuiCardActions-root:nth-child(3) > .MuiButtonBase-root > .MuiButton-label:nth-child(1)""]","1665397526029","2022-10-31T17:17:33Z","cbd3067f182f1d6e595831b7280ed55c"
"6yO1EWdrqjalTMXSTHFTwLA2uAU","Bonnie  Bakoh","6yO1EWdrqjalTMXSTHFTwLA2uAU","Bonnie  Bakoh","true","Quickbooks oAuth","2022-10-10T10:23:15Z","4.2.3","Feature","6yO1EWdrqjalTMXSTHFTwLA2uAU-20221010102315.644943002","[""div:nth-child(100) > .MuiPaper-root > .MuiCardActions-root:nth-child(3) > .MuiButtonBase-root > .MuiButton-label:nth-child(1)""]","1665397395634","2022-10-31T17:17:33Z","cbd3067f182f1d6e595831b7280ed55c"
"jI6iA5_E2OAH66OgCbOgmy_t3DM","Bonnie  Bakoh","jI6iA5_E2OAH66OgCbOgmy_t3DM","Bonnie  Bakoh","true","Exchange Rates","2022-10-10T10:14:14Z","4.2.3","Feature","jI6iA5_E2OAH66OgCbOgmy_t3DM-20221010101414.937509050","[""div:nth-child(46) > .MuiPaper-root > .MuiCardActions-root:nth-child(3) > .MuiButtonBase-root > .MuiButton-label:nth-child(1)""]","1665396854927","2022-10-31T17:17:33Z","cbd3067f182f1d6e595831b7280ed55c"
"Rg85ZSOSScSpDu7tvRJ-4l2BgY0","Bonnie  Bakoh","Rg85ZSOSScSpDu7tvRJ-4l2BgY0","Bonnie  Bakoh","true","Rakuten","2022-10-10T10:23:23Z","4.2.3","Feature","Rg85ZSOSScSpDu7tvRJ-4l2BgY0-20221010102323.531571530","[""div:nth-child(101) > .MuiPaper-root > .MuiCardActions-root:nth-child(3) > .MuiButtonBase-root > .MuiButton-label:nth-child(1)""]","1665397403515","2022-10-31T17:17:33Z","cbd3067f182f1d6e595831b7280ed55c"
"EbfPSFJPld8IInSYTWGLRqwSxic","Bonnie  Bakoh","EbfPSFJPld8IInSYTWGLRqwSxic","Bonnie  Bakoh","true","GA4 Connector","2022-10-08T16:46:31Z","4.2.3","Feature","EbfPSFJPld8IInSYTWGLRqwSxic-20221008164631.446754850","[""div:nth-child(57) > .MuiPaper-root > .MuiCardActions-root:nth-child(3) > .MuiButtonBase-root > .MuiButton-label:nth-child(1)""]","1665247591436","2022-10-31T17:17:33Z","cbd3067f182f1d6e595831b7280ed55c"
"mCnQJDjFIuJF69zNbt5l8qQxmmU","Bonnie  Bakoh","mCnQJDjFIuJF69zNbt5l8qQxmmU","Bonnie  Bakoh","true","Blinkfire","2022-10-10T10:10:47Z","4.2.3","Feature","mCnQJDjFIuJF69zNbt5l8qQxmmU-20221010101047.477202131","[""div:nth-child(25) > .MuiPaper-root > .MuiCardActions-root:nth-child(3) > .MuiButtonBase-root > .MuiButton-label:nth-child(1)""]","1665396647469","2022-10-31T17:17:33Z","cbd3067f182f1d6e595831b7280ed55c"
"SPm9loPraXQ98DddOQSPL6EedHw","Bonnie  Bakoh","SPm9loPraXQ98DddOQSPL6EedHw","Bonnie  Bakoh","true","Zendesk (legacy)","2022-10-10T10:30:11Z","4.2.3","Feature","SPm9loPraXQ98DddOQSPL6EedHw-20221010103011.613285949","[""div:nth-child(128) > .MuiPaper-root > .MuiCardActions-root:nth-child(3) > .MuiButtonBase-root > .MuiButton-label:nth-child(1)""]","1665397811605","2022-10-31T17:17:33Z","cbd3067f182f1d6e595831b7280ed55c"
"VvEeNPZKaJoa35oljBGItQwNQFI","Bonnie  Bakoh","VvEeNPZKaJoa35oljBGItQwNQFI","Bonnie  Bakoh","true","Lever","2022-10-10T10:18:43Z","4.2.3","Feature","VvEeNPZKaJoa35oljBGItQwNQFI-20221010101843.662821276","[""div:nth-child(74) > .MuiPaper-root > .MuiCardActions-root:nth-child(3) > .MuiButtonBase-root > .MuiButton-label:nth-child(1)""]","1665397123647","2022-10-31T17:17:33Z","cbd3067f182f1d6e595831b7280ed55c"
"YTZLaZTy7_qjx3I6dLswD6nCSR0","Bonnie  Bakoh","YTZLaZTy7_qjx3I6dLswD6nCSR0","Bonnie  Bakoh","true","Connect New Source","2022-07-01T13:17:44Z","4.2.3","Feature","YTZLaZTy7_qjx3I6dLswD6nCSR0-20220701131744.592614021","["".MuiTab-root:nth-child(2)""]","1656681464586","2022-10-31T17:17:33Z","cbd3067f182f1d6e595831b7280ed55c"
"5anDzdYvFQxpAqI7OxdPndfkJS8","Bonnie  Bakoh","5anDzdYvFQxpAqI7OxdPndfkJS8","Bonnie  Bakoh","true","Logs","2022-07-01T13:20:08Z","4.2.3","Feature","5anDzdYvFQxpAqI7OxdPndfkJS8-20220701132008.310571205","[""[href=\""/log\""] > .MuiListItemIcon-root > .MuiSvgIcon-root > path""]","1656681608301","2022-10-31T17:17:33Z","cbd3067f182f1d6e595831b7280ed55c"
"_haEBDUDKuSFr-7mEUdyP-X1TAk","Bonnie  Bakoh","_haEBDUDKuSFr-7mEUdyP-X1TAk","Bonnie  Bakoh","true","Facebook Adinsights","2022-10-10T10:14:23Z","4.2.3","Feature","_haEBDUDKuSFr-7mEUdyP-X1TAk-20221010101423.263322816","[""div:nth-child(47) > .MuiPaper-root > .MuiCardActions-root:nth-child(3) > .MuiButtonBase-root > .MuiButton-label:nth-child(1)""]","1665396863250","2022-10-31T17:17:33Z","cbd3067f182f1d6e595831b7280ed55c"
"88JmbsVEBkHEGWTmJ9Nvmckn8ow","Bonnie  Bakoh","88JmbsVEBkHEGWTmJ9Nvmckn8ow","Bonnie  Bakoh","true","Dotdigital","2022-10-10T10:13:14Z","4.2.3","Feature","88JmbsVEBkHEGWTmJ9Nvmckn8ow-20221010101314.291419286","[""div:nth-child(40) > .MuiPaper-root > .MuiCardActions-root:nth-child(3) > .MuiButtonBase-root > .MuiButton-label:nth-child(1)""]","1665396794283","2022-10-31T17:17:33Z","cbd3067f182f1d6e595831b7280ed55c"
"rKsRkqroUKanIz2raASmRJhZvpo","Bonnie  Bakoh","rKsRkqroUKanIz2raASmRJhZvpo","Bonnie  Bakoh","true","The Affiliate Gateway","2022-10-10T10:25:33Z","4.2.3","Feature","rKsRkqroUKanIz2raASmRJhZvpo-20221010102533.781625363","[""div:nth-child(116) > .MuiPaper-root > .MuiCardActions-root:nth-child(3) > .MuiButtonBase-root > .MuiButton-label:nth-child(1)""]","1665397533764","2022-10-31T17:17:33Z","cbd3067f182f1d6e595831b7280ed55c"
"zJc9O9Bc09lUhanNxcpM7bzz-rM","Bonnie  Bakoh","zJc9O9Bc09lUhanNxcpM7bzz-rM","Bonnie  Bakoh","true","Google Search Ads 360","2022-10-10T10:16:07Z","4.2.3","Feature","zJc9O9Bc09lUhanNxcpM7bzz-rM-20221010101607.159060233","[""div:nth-child(58) > .MuiPaper-root > .MuiCardActions-root:nth-child(3) > .MuiButtonBase-root > .MuiButton-label:nth-child(1)""]","1665396967147","2022-10-31T17:17:33Z","cbd3067f182f1d6e595831b7280ed55c"
"Rjz3ys2vsCnzqgpyTKpaf_pLk9U","Bonnie  Bakoh","Rjz3ys2vsCnzqgpyTKpaf_pLk9U","Bonnie  Bakoh","true","Conversocial","2022-10-10T10:12:08Z","4.2.3","Feature","Rjz3ys2vsCnzqgpyTKpaf_pLk9U-20221010101208.225344816","[""div:nth-child(33) > .MuiPaper-root > .MuiCardActions-root:nth-child(3) > .MuiButtonBase-root > .MuiButton-label:nth-child(1)""]","1665396728213","2022-10-31T17:17:33Z","cbd3067f182f1d6e595831b7280ed55c"
"fRZB1Q6bDtysVCFb1pLEpEfVYJQ","Bonnie  Bakoh","fRZB1Q6bDtysVCFb1pLEpEfVYJQ","Bonnie  Bakoh","true","Shopify","2022-10-10T10:24:24Z","4.2.3","Feature","fRZB1Q6bDtysVCFb1pLEpEfVYJQ-20221010102424.560319414","[""div:nth-child(108) > .MuiPaper-root > .MuiCardActions-root:nth-child(3) > .MuiButtonBase-root > .MuiButton-label:nth-child(1)""]","1665397464551","2022-10-31T17:17:33Z","cbd3067f182f1d6e595831b7280ed55c"
"dTbaOp-ZEFxCLaQDQZ9I8PGiCQg","Bonnie  Bakoh","dTbaOp-ZEFxCLaQDQZ9I8PGiCQg","Bonnie  Bakoh","true","Branch.io","2022-10-10T10:10:57Z","4.2.3","Feature","dTbaOp-ZEFxCLaQDQZ9I8PGiCQg-20221010101057.069788202","[""div:nth-child(26) > .MuiPaper-root > .MuiCardActions-root:nth-child(3) > .MuiButtonBase-root > .MuiButton-label:nth-child(1)""]","1665396657060","2022-10-31T17:17:33Z","cbd3067f182f1d6e595831b7280ed55c"
"AcaFYtoLepIhjm5Hbs7BPp9MqE4","Bonnie  Bakoh","AcaFYtoLepIhjm5Hbs7BPp9MqE4","Bonnie  Bakoh","true","New Connector Search","2022-07-01T13:21:18Z","4.2.3","Feature","AcaFYtoLepIhjm5Hbs7BPp9MqE4-20220701132118.473159825","["".MuiInputBase-input""]","1656681678459","2022-10-31T17:17:33Z","cbd3067f182f1d6e595831b7280ed55c"
"Lrl-hCGtgbeKD2xNlWDCsDMWaks","Bonnie  Bakoh","Lrl-hCGtgbeKD2xNlWDCsDMWaks","Bonnie  Bakoh","true","Webgains","2022-10-10T10:26:28Z","4.2.3","Feature","Lrl-hCGtgbeKD2xNlWDCsDMWaks-20221010102628.791334989","[""div:nth-child(123) > .MuiPaper-root > .MuiCardActions-root:nth-child(3) > .MuiButtonBase-root > .MuiButton-label:nth-child(1)""]","1665397588782","2022-10-31T17:17:33Z","cbd3067f182f1d6e595831b7280ed55c"
"wVtT7zYX1Ijp9Bz778F8Wnwy9iA","Bonnie  Bakoh","wVtT7zYX1Ijp9Bz778F8Wnwy9iA","Bonnie  Bakoh","true","Google Sheets oAuth (beta)","2022-10-10T10:16:33Z","4.2.3","Feature","wVtT7zYX1Ijp9Bz778F8Wnwy9iA-20221010101633.544229886","[""div:nth-child(61) > .MuiPaper-root > .MuiCardActions-root:nth-child(3) > .MuiButtonBase-root > .MuiButton-label:nth-child(1)""]","1665396993537","2022-10-31T17:17:33Z","cbd3067f182f1d6e595831b7280ed55c"
"SoqxFF1Bgkd4zF-NvFycM2tseWw","Bonnie  Bakoh","SoqxFF1Bgkd4zF-NvFycM2tseWw","Bonnie  Bakoh","true","Outlook","2022-10-10T10:21:32Z","4.2.3","Feature","SoqxFF1Bgkd4zF-NvFycM2tseWw-20221010102132.288661897","[""div:nth-child(90) > .MuiPaper-root > .MuiCardActions-root:nth-child(3) > .MuiButtonBase-root > .MuiButton-label:nth-child(1)""]","1665397292280","2022-10-31T17:17:33Z","cbd3067f182f1d6e595831b7280ed55c"
"YbiQZw4TQUqFV-s-uTw1F3F9h2E","Bonnie  Bakoh","YbiQZw4TQUqFV-s-uTw1F3F9h2E","Bonnie  Bakoh","true","LiveChat","2022-10-10T10:18:53Z","4.2.3","Feature","YbiQZw4TQUqFV-s-uTw1F3F9h2E-20221010101853.936763496","[""div:nth-child(75) > .MuiPaper-root > .MuiCardActions-root:nth-child(3) > .MuiButtonBase-root > .MuiButton-label:nth-child(1)""]","1665397133927","2022-10-31T17:17:33Z","cbd3067f182f1d6e595831b7280ed55c"
"USWQQy7_BjsSAV0hT3GtdG1l5Bw","Bonnie  Bakoh","USWQQy7_BjsSAV0hT3GtdG1l5Bw","Bonnie  Bakoh","true","Mailchimp","2022-10-10T10:19:12Z","4.2.3","Feature","USWQQy7_BjsSAV0hT3GtdG1l5Bw-20221010101912.914548781","[""div:nth-child(76) > .MuiPaper-root > .MuiCardActions-root:nth-child(3) > .MuiButtonBase-root > .MuiButton-label:nth-child(1)""]","1665397152905","2022-10-31T17:17:33Z","cbd3067f182f1d6e595831b7280ed55c"
"JeLK3Wr7v4gYN-cOZHP8kedfUZc","Bonnie  Bakoh","JeLK3Wr7v4gYN-cOZHP8kedfUZc","Bonnie  Bakoh","true","Sorted","2022-10-10T10:24:42Z","4.2.3","Feature","JeLK3Wr7v4gYN-cOZHP8kedfUZc-20221010102442.059272113","[""div:nth-child(110) > .MuiPaper-root > .MuiCardActions-root:nth-child(3) > .MuiButtonBase-root > .MuiButton-label:nth-child(1)""]","1665397482049","2022-10-31T17:17:33Z","cbd3067f182f1d6e595831b7280ed55c"
"kd2cBQTNFy2i1DMbGYCzLn6kODA","Bonnie  Bakoh","kd2cBQTNFy2i1DMbGYCzLn6kODA","Bonnie  Bakoh","true","Xero - New","2022-10-10T10:26:56Z","4.2.3","Feature","kd2cBQTNFy2i1DMbGYCzLn6kODA-20221010102656.708930547","[""div:nth-child(126) > .MuiPaper-root > .MuiCardActions-root:nth-child(3) > .MuiButtonBase-root > .MuiButton-label:nth-child(1)""]","1665397616700","2022-10-31T17:17:33Z","cbd3067f182f1d6e595831b7280ed55c"
"kVsTharXcsihOncqrKOmgDMRlqM","Bonnie  Bakoh","kVsTharXcsihOncqrKOmgDMRlqM","Bonnie  Bakoh","true","Impact Radius","2022-10-10T10:17:58Z","4.2.3","Feature","kVsTharXcsihOncqrKOmgDMRlqM-20221010101758.754781084","[""div:nth-child(69) > .MuiPaper-root > .MuiCardActions-root:nth-child(3) > .MuiButtonBase-root > .MuiButton-label:nth-child(1)""]","1665397078747","2022-10-31T17:17:33Z","cbd3067f182f1d6e595831b7280ed55c"
"fWLYt_I-_yeBc3e6YKDhdqYKdAk","Bonnie  Bakoh","fWLYt_I-_yeBc3e6YKDhdqYKdAk","Bonnie  Bakoh","true","Adobe Commerce (Magento)","2022-10-10T10:04:52Z","4.2.3","Feature","fWLYt_I-_yeBc3e6YKDhdqYKdAk-20221010100452.586525557","[""div:nth-child(1) > .MuiPaper-root > .MuiCardActions-root:nth-child(3) > .MuiButtonBase-root > .MuiButton-label:nth-child(1)""]","1665396292577","2022-10-31T17:17:33Z","cbd3067f182f1d6e595831b7280ed55c"
"eMeiUcMRdpR0HthtxSWxt_4Ck_s","Bonnie  Bakoh","eMeiUcMRdpR0HthtxSWxt_4Ck_s","Bonnie  Bakoh","true","Mollie","2022-10-10T10:20:01Z","4.2.3","Feature","eMeiUcMRdpR0HthtxSWxt_4Ck_s-20221010102001.210412451","[""div:nth-child(79) > .MuiPaper-root > .MuiCardActions-root:nth-child(3) > .MuiButtonBase-root > .MuiButton-label:nth-child(1)""]","1665397201194","2022-10-31T17:17:33Z","cbd3067f182f1d6e595831b7280ed55c"
"i1AytBtoeO9qfGcLh5OhC9AgPys","Bonnie  Bakoh","i1AytBtoeO9qfGcLh5OhC9AgPys","Bonnie  Bakoh","true","Amazon S3","2022-10-10T10:07:40Z","4.2.3","Feature","i1AytBtoeO9qfGcLh5OhC9AgPys-20221010100740.960410443","[""div:nth-child(11) > .MuiPaper-root > .MuiCardActions-root:nth-child(3) > .MuiButtonBase-root > .MuiButton-label:nth-child(1)""]","1665396460950","2022-10-31T17:17:33Z","cbd3067f182f1d6e595831b7280ed55c"
"nD4FYoKdPHfzQd1SVuxTwv1JDMY","Bonnie  Bakoh","nD4FYoKdPHfzQd1SVuxTwv1JDMY","Bonnie  Bakoh","true","Awin","2022-10-10T10:09:45Z","4.2.3","Feature","nD4FYoKdPHfzQd1SVuxTwv1JDMY-20221010100945.907054567","[""div:nth-child(19) > .MuiPaper-root > .MuiCardActions-root:nth-child(3) > .MuiButtonBase-root > .MuiButton-label:nth-child(1)""]","1665396585895","2022-10-31T17:17:33Z","cbd3067f182f1d6e595831b7280ed55c"
"4CqbfbgLW8YQ4oNx1npMArNOQEE","Bonnie  Bakoh","4CqbfbgLW8YQ4oNx1npMArNOQEE","Bonnie  Bakoh","true","Adobe Workfront","2022-10-10T10:05:09Z","4.2.3","Feature","4CqbfbgLW8YQ4oNx1npMArNOQEE-20221010100509.344827213","[""div:nth-child(2) > .MuiPaper-root > .MuiCardActions-root:nth-child(3) > .MuiButtonBase-root > .MuiButton-label:nth-child(1)""]","1665396309334","2022-10-31T17:17:33Z","cbd3067f182f1d6e595831b7280ed55c"
"NLA5UEeB4z4RypnOMu4IVxbM9MU","Bonnie  Bakoh","NLA5UEeB4z4RypnOMu4IVxbM9MU","Bonnie  Bakoh","true","Optimove","2022-10-10T10:21:16Z","4.2.3","Feature","NLA5UEeB4z4RypnOMu4IVxbM9MU-20221010102116.276520496","[""div:nth-child(88) > .MuiPaper-root > .MuiCardActions-root:nth-child(3) > .MuiButtonBase-root > .MuiButton-label:nth-child(1)""]","1665397276267","2022-10-31T17:17:33Z","cbd3067f182f1d6e595831b7280ed55c"
"153gAx_Osw_za5CpG8hfK78EqjY","Bonnie  Bakoh","153gAx_Osw_za5CpG8hfK78EqjY","Bonnie  Bakoh","true","Apple Search Ads","2022-10-10T10:08:24Z","4.2.3","Feature","153gAx_Osw_za5CpG8hfK78EqjY-20221010100824.897088683","[""div:nth-child(13) > .MuiPaper-root > .MuiCardActions-root:nth-child(3) > .MuiButtonBase-root > .MuiButton-label:nth-child(1)""]","1665396504886","2022-10-31T17:17:33Z","cbd3067f182f1d6e595831b7280ed55c"
"sQJE6vS0vrbQrRfcMEjKPeXbLq8","Bonnie  Bakoh","sQJE6vS0vrbQrRfcMEjKPeXbLq8","Bonnie  Bakoh","true","Partnerize","2022-10-10T10:21:46Z","4.2.3","Feature","sQJE6vS0vrbQrRfcMEjKPeXbLq8-20221010102146.265362000","[""div:nth-child(92) > .MuiPaper-root > .MuiCardActions-root:nth-child(3) > .MuiButtonBase-root > .MuiButton-label:nth-child(1)""]","1665397306248","2022-10-31T17:17:33Z","cbd3067f182f1d6e595831b7280ed55c"
"OUyktLEKxoYy6IC5AtB8w2mYGRI","Bonnie  Bakoh","OUyktLEKxoYy6IC5AtB8w2mYGRI","Bonnie  Bakoh","true","Stripe V2","2022-10-10T10:25:09Z","4.2.3","Feature","OUyktLEKxoYy6IC5AtB8w2mYGRI-20221010102509.339615073","[""div:nth-child(113) > .MuiPaper-root > .MuiCardActions-root:nth-child(3) > .MuiButtonBase-root > .MuiButton-label:nth-child(1)""]","1665397509329","2022-10-31T17:17:33Z","cbd3067f182f1d6e595831b7280ed55c"
"oo4gPEtEMmPNgA9_Z71aZOtH8s0","Bonnie  Bakoh","oo4gPEtEMmPNgA9_Z71aZOtH8s0","Bonnie  Bakoh","true","Salesforce oAuth","2022-10-10T10:23:48Z","4.2.3","Feature","oo4gPEtEMmPNgA9_Z71aZOtH8s0-20221010102348.052231242","[""div:nth-child(104) > .MuiPaper-root > .MuiCardActions-root:nth-child(3) > .MuiButtonBase-root > .MuiButton-label:nth-child(1)""]","1665397428043","2022-10-31T17:17:33Z","cbd3067f182f1d6e595831b7280ed55c"
"lGDja0lBdUblqlIcIZrt6fVl8MU","Bonnie  Bakoh","lGDja0lBdUblqlIcIZrt6fVl8MU","Bonnie  Bakoh","true","Xero","2022-10-10T10:26:48Z","4.2.3","Feature","lGDja0lBdUblqlIcIZrt6fVl8MU-20221010102648.075307033","[""div:nth-child(125) > .MuiPaper-root > .MuiCardActions-root:nth-child(3) > .MuiButtonBase-root > .MuiButton-label:nth-child(1)""]","1665397608065","2022-10-31T17:17:33Z","cbd3067f182f1d6e595831b7280ed55c"
"MvEjCDA--282AcGSJevuIjA0E00","Bonnie  Bakoh","MvEjCDA--282AcGSJevuIjA0E00","Bonnie  Bakoh","true","Assembled","2022-10-10T10:09:37Z","4.2.3","Feature","MvEjCDA--282AcGSJevuIjA0E00-20221010100937.262120053","[""div:nth-child(18) > .MuiPaper-root > .MuiCardActions-root:nth-child(3) > .MuiButtonBase-root > .MuiButton-label:nth-child(1)""]","1665396577248","2022-10-31T17:17:33Z","cbd3067f182f1d6e595831b7280ed55c"
"fDyWpvLLKechcMpHF8dc06ogJzY","Bonnie  Bakoh","fDyWpvLLKechcMpHF8dc06ogJzY","Bonnie  Bakoh","true","Docebo","2022-10-10T10:12:56Z","4.2.3","Feature","fDyWpvLLKechcMpHF8dc06ogJzY-20221010101256.526755813","[""div:nth-child(38) > .MuiPaper-root > .MuiCardActions-root:nth-child(3) > .MuiButtonBase-root > .MuiButton-label:nth-child(1)""]","1665396776456","2022-10-31T17:17:33Z","cbd3067f182f1d6e595831b7280ed55c"
"E2LM3Z51lbwBuvZutiaKDFb-Xzc","Bonnie  Bakoh","E2LM3Z51lbwBuvZutiaKDFb-Xzc","Bonnie  Bakoh","true","Amazon Advertising API (unsupported)","2022-10-10T10:06:57Z","4.2.3","Feature","E2LM3Z51lbwBuvZutiaKDFb-Xzc-20221010100657.461245527","[""div:nth-child(9) > .MuiPaper-root > .MuiCardActions-root:nth-child(3) > .MuiButtonBase-root > .MuiButton-label:nth-child(1)""]","1665396417451","2022-10-31T17:17:33Z","cbd3067f182f1d6e595831b7280ed55c"
"anGYhh00Lybdqcq2zQEXyvkb4Ws","Bonnie  Bakoh","anGYhh00Lybdqcq2zQEXyvkb4Ws","Bonnie  Bakoh","true","Appstore Connect","2022-10-10T10:09:17Z","4.2.3","Feature","anGYhh00Lybdqcq2zQEXyvkb4Ws-20221010100917.931872401","[""div:nth-child(16) > .MuiPaper-root > .MuiCardActions-root:nth-child(3) > .MuiButtonBase-root > .MuiButton-label:nth-child(1)""]","1665396557922","2022-10-31T17:17:33Z","cbd3067f182f1d6e595831b7280ed55c"
"qK03EJq0HUBGUGVrh-pmTA2It-0","Bonnie  Bakoh","qK03EJq0HUBGUGVrh-pmTA2It-0","Bonnie  Bakoh","true","Klarna","2022-10-10T10:18:24Z","4.2.3","Feature","qK03EJq0HUBGUGVrh-pmTA2It-0-20221010101824.228709999","[""div:nth-child(72) > .MuiPaper-root > .MuiCardActions-root:nth-child(3) > .MuiButtonBase-root > .MuiButton-label:nth-child(1)""]","1665397104220","2022-10-31T17:17:33Z","cbd3067f182f1d6e595831b7280ed55c"
"GyUjWNl1Z6zfs3aoSdMs1S_PGQs","Bonnie  Bakoh","GyUjWNl1Z6zfs3aoSdMs1S_PGQs","Bonnie  Bakoh","true","Outreach","2022-10-10T10:21:39Z","4.2.3","Feature","GyUjWNl1Z6zfs3aoSdMs1S_PGQs-20221010102139.514037306","[""div:nth-child(91) > .MuiPaper-root > .MuiCardActions-root:nth-child(3) > .MuiButtonBase-root > .MuiButton-label:nth-child(1)""]","1665397299505","2022-10-31T17:17:33Z","cbd3067f182f1d6e595831b7280ed55c"
"DIjQJEcXJqTxMAybYRelRvYgXrM","Bonnie  Bakoh","DIjQJEcXJqTxMAybYRelRvYgXrM","Bonnie  Bakoh","true","MongoDB","2022-10-10T10:20:20Z","4.2.3","Feature","DIjQJEcXJqTxMAybYRelRvYgXrM-20221010102020.088420409","[""div:nth-child(81) > .MuiPaper-root > .MuiCardActions-root:nth-child(3) > .MuiButtonBase-root > .MuiButton-label:nth-child(1)""]","1665397220079","2022-10-31T17:17:33Z","cbd3067f182f1d6e595831b7280ed55c"
"9QCztooH20eq29h9xDESCLdQU8o","Bonnie  Bakoh","9QCztooH20eq29h9xDESCLdQU8o","Bonnie  Bakoh","true","Unleashed","2022-10-10T10:26:20Z","4.2.3","Feature","9QCztooH20eq29h9xDESCLdQU8o-20221010102620.027442772","[""div:nth-child(122) > .MuiPaper-root > .MuiCardActions-root:nth-child(3) > .MuiButtonBase-root > .MuiButton-label:nth-child(1)""]","1665397580016","2022-10-31T17:17:33Z","cbd3067f182f1d6e595831b7280ed55c"
"rABumlq4YPcBYvdnOc-g5L8SZBo","Bonnie  Bakoh","rABumlq4YPcBYvdnOc-g5L8SZBo","Bonnie  Bakoh","true","Docebo (legacy)","2022-10-10T10:13:05Z","4.2.3","Feature","rABumlq4YPcBYvdnOc-g5L8SZBo-20221010101305.347864442","[""div:nth-child(39) > .MuiPaper-root > .MuiCardActions-root:nth-child(3) > .MuiButtonBase-root > .MuiButton-label:nth-child(1)""]","1665396785340","2022-10-31T17:17:33Z","cbd3067f182f1d6e595831b7280ed55c"
"6SfcsixaNdU514befCELpzxraQ0","Bonnie  Bakoh","6SfcsixaNdU514befCELpzxraQ0","Bonnie  Bakoh","true","Azure Blob Storage","2022-10-10T10:10:05Z","4.2.3","Feature","6SfcsixaNdU514befCELpzxraQ0-20221010101005.975997858","[""div:nth-child(21) > .MuiPaper-root > .MuiCardActions-root:nth-child(3) > .MuiButtonBase-root > .MuiButton-label:nth-child(1)""]","1665396605966","2022-10-31T17:17:33Z","cbd3067f182f1d6e595831b7280ed55c"
"IWHQsE3XkLm4ngfZa7PWfVpewt0","Bonnie  Bakoh","IWHQsE3XkLm4ngfZa7PWfVpewt0","Bonnie  Bakoh","true","Polaris","2022-10-10T10:22:33Z","4.2.3","Feature","IWHQsE3XkLm4ngfZa7PWfVpewt0-20221010102233.621338692","[""div:nth-child(96) > .MuiPaper-root > .MuiCardActions-root:nth-child(3) > .MuiButtonBase-root > .MuiButton-label:nth-child(1)""]","1665397353610","2022-10-31T17:17:33Z","cbd3067f182f1d6e595831b7280ed55c"
"zFsXkGKJJrET19YogStP9xn9Fr8","Bonnie  Bakoh","zFsXkGKJJrET19YogStP9xn9Fr8","Bonnie  Bakoh","true","Freshdesk","2022-10-10T10:15:03Z","4.2.3","Feature","zFsXkGKJJrET19YogStP9xn9Fr8-20221010101503.054238274","[""div:nth-child(51) > .MuiPaper-root > .MuiCardActions-root:nth-child(3) > .MuiButtonBase-root > .MuiButton-label:nth-child(1)""]","1665396903043","2022-10-31T17:17:33Z","cbd3067f182f1d6e595831b7280ed55c"
"S1za5C2EpMIlKTRX6ZHOX2SCdQE","Bonnie  Bakoh","S1za5C2EpMIlKTRX6ZHOX2SCdQE","Bonnie  Bakoh","true","Tiktok oAuth","2022-10-10T10:25:40Z","4.2.3","Feature","S1za5C2EpMIlKTRX6ZHOX2SCdQE-20221010102540.605434763","[""div:nth-child(117) > .MuiPaper-root > .MuiCardActions-root:nth-child(3) > .MuiButtonBase-root > .MuiButton-label:nth-child(1)""]","1665397540596","2022-10-31T17:17:33Z","cbd3067f182f1d6e595831b7280ed55c"
"7apyw_QEDHtPBWKhPUw02Uyoaio","Bonnie  Bakoh","7apyw_QEDHtPBWKhPUw02Uyoaio","Bonnie  Bakoh","true","Freshsales","2022-10-10T10:15:16Z","4.2.3","Feature","7apyw_QEDHtPBWKhPUw02Uyoaio-20221010101516.457717938","[""div:nth-child(52) > .MuiPaper-root > .MuiCardActions-root:nth-child(3) > .MuiButtonBase-root > .MuiButton-label:nth-child(1)""]","1665396916443","2022-10-31T17:17:33Z","cbd3067f182f1d6e595831b7280ed55c"
"P8_mX0YlBgJWLjG12gmiZE3fCZU","Bonnie  Bakoh","P8_mX0YlBgJWLjG12gmiZE3fCZU","Bonnie  Bakoh","true","Transforms","2022-07-01T13:19:09Z","4.2.3","Feature","P8_mX0YlBgJWLjG12gmiZE3fCZU-20220701131909.427604423","["".MuiBadge-root > .MuiListItemIcon-root > .MuiSvgIcon-root > path""]","1656681549419","2022-10-31T17:17:33Z","cbd3067f182f1d6e595831b7280ed55c"
"PWfDTsB2KSWYbZXumPVQKW5c2d0","Bonnie  Bakoh","PWfDTsB2KSWYbZXumPVQKW5c2d0","Bonnie  Bakoh","true","Amazon Aurora MySQL","2022-10-10T10:07:31Z","4.2.3","Feature","PWfDTsB2KSWYbZXumPVQKW5c2d0-20221010100731.220684885","[""div:nth-child(10) > .MuiPaper-root > .MuiCardActions-root:nth-child(3) > .MuiButtonBase-root > .MuiButton-label:nth-child(1)""]","1665396451208","2022-10-31T17:17:33Z","cbd3067f182f1d6e595831b7280ed55c"
"Na7VUPEUwNAK2lMSZmC4LFQ65Lk","Bonnie  Bakoh","Na7VUPEUwNAK2lMSZmC4LFQ65Lk","Bonnie  Bakoh","true","Notion","2022-10-10T10:20:55Z","4.2.3","Feature","Na7VUPEUwNAK2lMSZmC4LFQ65Lk-20221010102055.167157235","[""div:nth-child(86) > .MuiPaper-root > .MuiCardActions-root:nth-child(3) > .MuiButtonBase-root > .MuiButton-label:nth-child(1)""]","1665397255158","2022-10-31T17:17:33Z","cbd3067f182f1d6e595831b7280ed55c"
"-KGPFZDkdihvSnRzvRPQ5R0pvVs","Bonnie  Bakoh","-KGPFZDkdihvSnRzvRPQ5R0pvVs","Bonnie  Bakoh","true","Recurly","2022-10-10T10:23:40Z","4.2.3","Feature","-KGPFZDkdihvSnRzvRPQ5R0pvVs-20221010102340.136932663","[""div:nth-child(103) > .MuiPaper-root > .MuiCardActions-root:nth-child(3) > .MuiButtonBase-root > .MuiButton-label:nth-child(1)""]","1665397420126","2022-10-31T17:17:33Z","cbd3067f182f1d6e595831b7280ed55c"
"qDBw3sgMHP_mPGsIdKV60NQaqAA","Bonnie  Bakoh","qDBw3sgMHP_mPGsIdKV60NQaqAA","Bonnie  Bakoh","true","PostgreSQL","2022-10-10T10:22:45Z","4.2.3","Feature","qDBw3sgMHP_mPGsIdKV60NQaqAA-20221010102245.748892663","[""div:nth-child(97) > .MuiPaper-root > .MuiCardActions-root:nth-child(3) > .MuiButtonBase-root > .MuiButton-label:nth-child(1)""]","1665397365739","2022-10-31T17:17:33Z","cbd3067f182f1d6e595831b7280ed55c"
"nkrXXh8Fxk-Q59PHXohcqzbcCTA","Bonnie  Bakoh","nkrXXh8Fxk-Q59PHXohcqzbcCTA","Bonnie  Bakoh","true","Stripe","2022-10-10T10:25:00Z","4.2.3","Feature","nkrXXh8Fxk-Q59PHXohcqzbcCTA-20221010102500.868242267","[""div:nth-child(112) > .MuiPaper-root > .MuiCardActions-root:nth-child(3) > .MuiButtonBase-root > .MuiButton-label:nth-child(1)""]","1665397500859","2022-10-31T17:17:33Z","cbd3067f182f1d6e595831b7280ed55c"
"46DiZdNQCkVo4OZwkE213eMOAMg","Bonnie  Bakoh","46DiZdNQCkVo4OZwkE213eMOAMg","Bonnie  Bakoh","true","TradeTracker","2022-10-10T10:25:56Z","4.2.3","Feature","46DiZdNQCkVo4OZwkE213eMOAMg-20221010102556.766233438","[""div:nth-child(119) > .MuiPaper-root > .MuiCardActions-root:nth-child(3) > .MuiButtonBase-root > .MuiButton-label:nth-child(1)""]","1665397556756","2022-10-31T17:17:33Z","cbd3067f182f1d6e595831b7280ed55c"
"19lIjkAm1qK1dPf3eyE4lx84W0w","Bonnie  Bakoh","19lIjkAm1qK1dPf3eyE4lx84W0w","Bonnie  Bakoh","true","Dixa","2022-10-10T10:12:46Z","4.2.3","Feature","19lIjkAm1qK1dPf3eyE4lx84W0w-20221010101246.045000770","[""div:nth-child(37) > .MuiPaper-root > .MuiCardActions-root:nth-child(3) > .MuiButtonBase-root > .MuiButton-label:nth-child(1)""]","1665396766026","2022-10-31T17:17:33Z","cbd3067f182f1d6e595831b7280ed55c"
"OgQDcbOPeSUJpBQ3-ux0Yo0KgvA","Bonnie  Bakoh","OgQDcbOPeSUJpBQ3-ux0Yo0KgvA","Bonnie  Bakoh","true","Discord oAuth","2022-10-10T10:12:37Z","4.2.3","Feature","OgQDcbOPeSUJpBQ3-ux0Yo0KgvA-20221010101237.985370963","[""div:nth-child(36) > .MuiPaper-root > .MuiCardActions-root:nth-child(3) > .MuiButtonBase-root > .MuiButton-label:nth-child(1)""]","1665396757974","2022-10-31T17:17:33Z","cbd3067f182f1d6e595831b7280ed55c"
"F5-oja28qlGqjv0IEJq7LokhWts","Bonnie  Bakoh","F5-oja28qlGqjv0IEJq7LokhWts","Bonnie  Bakoh","true","Supportpal","2022-10-10T10:25:18Z","4.2.3","Feature","F5-oja28qlGqjv0IEJq7LokhWts-20221010102518.938134432","[""div:nth-child(114) > .MuiPaper-root > .MuiCardActions-root:nth-child(3) > .MuiButtonBase-root > .MuiButton-label:nth-child(1)""]","1665397518927","2022-10-31T17:17:33Z","cbd3067f182f1d6e595831b7280ed55c"
"ytzC2eElmR4ezf4IIBVrBx8l4X4","Bonnie  Bakoh","ytzC2eElmR4ezf4IIBVrBx8l4X4","Bonnie  Bakoh","true","DAG","2022-07-01T13:18:56Z","4.2.3","Feature","ytzC2eElmR4ezf4IIBVrBx8l4X4-20220701131856.075511548","[""[href=\""/dependency-graph\""] > .MuiListItemIcon-root > .MuiSvgIcon-root""]","1656681536021","2022-10-31T17:17:33Z","cbd3067f182f1d6e595831b7280ed55c"
"aOYC76SY4dD5gmnqoDrb_MbL1mQ","Bonnie  Bakoh","aOYC76SY4dD5gmnqoDrb_MbL1mQ","Bonnie  Bakoh","true","Big Query","2022-10-10T10:10:16Z","4.2.3","Feature","aOYC76SY4dD5gmnqoDrb_MbL1mQ-20221010101016.412852365","[""div:nth-child(22) > .MuiPaper-root > .MuiCardActions-root:nth-child(3) > .MuiButtonBase-root > .MuiButton-label:nth-child(1)""]","1665396616405","2022-10-31T17:17:33Z","cbd3067f182f1d6e595831b7280ed55c"
"lh5BjrHetUVuw0u_2TjqcyKAgXE","Bonnie  Bakoh","lh5BjrHetUVuw0u_2TjqcyKAgXE","Bonnie  Bakoh","true","Bing Ads","2022-10-10T10:10:27Z","4.2.3","Feature","lh5BjrHetUVuw0u_2TjqcyKAgXE-20221010101027.820370173","[""div:nth-child(23) > .MuiPaper-root > .MuiCardActions-root:nth-child(3) > .MuiButtonBase-root > .MuiButton-label:nth-child(1)""]","1665396627812","2022-10-31T17:17:33Z","cbd3067f182f1d6e595831b7280ed55c"
"4gxzPkGL1TYcx14mCEvnTmNPRb0","Bonnie  Bakoh","4gxzPkGL1TYcx14mCEvnTmNPRb0","Bonnie  Bakoh","true","Netsuite (Deprecated)","2022-10-10T10:20:47Z","4.2.3","Feature","4gxzPkGL1TYcx14mCEvnTmNPRb0-20221010102047.580644390","[""div:nth-child(85) > .MuiPaper-root > .MuiCardActions-root:nth-child(3) > .MuiButtonBase-root > .MuiButton-label:nth-child(1)""]","1665397247570","2022-10-31T17:17:33Z","cbd3067f182f1d6e595831b7280ed55c"
"ju0JfuuAer4eThFNH5kQlsk7400","Bonnie  Bakoh","ju0JfuuAer4eThFNH5kQlsk7400","Bonnie  Bakoh","true","Hibob (for Service Users)","2022-10-10T10:17:19Z","4.2.3","Feature","ju0JfuuAer4eThFNH5kQlsk7400-20221010101719.709577497","[""div:nth-child(65) > .MuiPaper-root > .MuiCardActions-root:nth-child(3) > .MuiButtonBase-root > .MuiButton-label:nth-child(1)""]","1665397039684","2022-10-31T17:17:33Z","cbd3067f182f1d6e595831b7280ed55c"
"r_ssgM_LTWilVUywVGOjZktfYkM","Bonnie  Bakoh","r_ssgM_LTWilVUywVGOjZktfYkM","Bonnie  Bakoh","true","HGEM","2022-10-10T10:16:49Z","4.2.3","Feature","r_ssgM_LTWilVUywVGOjZktfYkM-20221010101649.923793571","[""div:nth-child(63) > .MuiPaper-root > .MuiCardActions-root:nth-child(3) > .MuiButtonBase-root > .MuiButton-label:nth-child(1)""]","1665397009913","2022-10-31T17:17:33Z","cbd3067f182f1d6e595831b7280ed55c"
"IJ0SbiHrnWZ61O1jtBfV6kOASpg","Bonnie  Bakoh","IJ0SbiHrnWZ61O1jtBfV6kOASpg","Bonnie  Bakoh","true","Adobe Workfront (Legacy)","2022-10-10T10:05:26Z","4.2.3","Feature","IJ0SbiHrnWZ61O1jtBfV6kOASpg-20221010100526.060503152","[""div:nth-child(3) > .MuiPaper-root > .MuiCardActions-root:nth-child(3) > .MuiButtonBase-root > .MuiButton-label:nth-child(1)""]","1665396326049","2022-10-31T17:17:33Z","cbd3067f182f1d6e595831b7280ed55c"
"feNNponUygX6RGqIhWQhqkNzSXU","Bonnie  Bakoh","feNNponUygX6RGqIhWQhqkNzSXU","Bonnie  Bakoh","true","Sprout Social","2022-10-10T10:24:51Z","4.2.3","Feature","feNNponUygX6RGqIhWQhqkNzSXU-20221010102451.997356037","[""div:nth-child(111) > .MuiPaper-root > .MuiCardActions-root:nth-child(3) > .MuiButtonBase-root > .MuiButton-label:nth-child(1)""]","1665397491988","2022-10-31T17:17:33Z","cbd3067f182f1d6e595831b7280ed55c"
"dXOJeTMsR2TepRoTzlTO1hsf5rc","Bonnie  Bakoh","dXOJeTMsR2TepRoTzlTO1hsf5rc","Bonnie  Bakoh","true","Connect New Source","2022-07-01T13:21:40Z","4.2.3","Feature","dXOJeTMsR2TepRoTzlTO1hsf5rc-20220701132140.895843006","["".Mui-selected:nth-child(2) > .MuiTab-wrapper:nth-child(1)""]","1656681700885","2022-10-31T17:17:33Z","cbd3067f182f1d6e595831b7280ed55c"
"3KBBkAJGS83CnzVNbFvRIKFAdHo","Bonnie  Bakoh","3KBBkAJGS83CnzVNbFvRIKFAdHo","Bonnie  Bakoh","true","AppsFlyer","2022-10-10T10:08:36Z","4.2.3","Feature","3KBBkAJGS83CnzVNbFvRIKFAdHo-20221010100836.711389950","[""div:nth-child(14) > .MuiPaper-root > .MuiCardActions-root:nth-child(3) > .MuiButtonBase-root > .MuiButton-label:nth-child(1)""]","1665396516700","2022-10-31T17:17:33Z","cbd3067f182f1d6e595831b7280ed55c"
"qUPhsH3Leihp9Gao-YYcs4KnUdo","Bonnie  Bakoh","qUPhsH3Leihp9Gao-YYcs4KnUdo","Bonnie  Bakoh","true","SOFORT banking","2022-10-10T10:24:34Z","4.2.3","Feature","qUPhsH3Leihp9Gao-YYcs4KnUdo-20221010102434.465674991","[""div:nth-child(109) > .MuiPaper-root > .MuiCardActions-root:nth-child(3) > .MuiButtonBase-root > .MuiButton-label:nth-child(1)""]","1665397474456","2022-10-31T17:17:33Z","cbd3067f182f1d6e595831b7280ed55c"
"zmRNQSNqrlkoCyXZyAdhMLXt8oM","Bonnie  Bakoh","zmRNQSNqrlkoCyXZyAdhMLXt8oM","Bonnie  Bakoh","true","TradeDoubler","2022-10-10T10:25:49Z","4.2.3","Feature","zmRNQSNqrlkoCyXZyAdhMLXt8oM-20221010102549.419400745","[""div:nth-child(118) > .MuiPaper-root > .MuiCardActions-root:nth-child(3) > .MuiButtonBase-root > .MuiButton-label:nth-child(1)""]","1665397549409","2022-10-31T17:17:33Z","cbd3067f182f1d6e595831b7280ed55c"
"NoY6d-O5tHl09wEMbW7QSXj6rT4","Bonnie  Bakoh","NoY6d-O5tHl09wEMbW7QSXj6rT4","Bonnie  Bakoh","true","Chargebee","2022-10-10T10:11:18Z","4.2.3","Feature","NoY6d-O5tHl09wEMbW7QSXj6rT4-20221010101118.286417978","[""div:nth-child(28) > .MuiPaper-root > .MuiCardActions-root:nth-child(3) > .MuiButtonBase-root > .MuiButton-label:nth-child(1)""]","1665396678273","2022-10-31T17:17:33Z","cbd3067f182f1d6e595831b7280ed55c"
"Yfe2TwQCpv5-v61a23SQc7JoO0A","Bonnie  Bakoh","Yfe2TwQCpv5-v61a23SQc7JoO0A","Bonnie  Bakoh","true","PayPal","2022-10-10T10:21:53Z","4.2.3","Feature","Yfe2TwQCpv5-v61a23SQc7JoO0A-20221010102153.885447202","[""div:nth-child(93) > .MuiPaper-root > .MuiCardActions-root:nth-child(3) > .MuiButtonBase-root > .MuiButton-label:nth-child(1)""]","1665397313877","2022-10-31T17:17:33Z","cbd3067f182f1d6e595831b7280ed55c"
"le7p6Rzb-HG9mnLJgk5qEKpSSfY","Bonnie  Bakoh","le7p6Rzb-HG9mnLJgk5qEKpSSfY","Bonnie  Bakoh","true","DynamoDB","2022-10-10T10:13:23Z","4.2.3","Feature","le7p6Rzb-HG9mnLJgk5qEKpSSfY-20221010101323.041752478","[""div:nth-child(41) > .MuiPaper-root > .MuiCardActions-root:nth-child(3) > .MuiButtonBase-root > .MuiButton-label:nth-child(1)""]","1665396803004","2022-10-31T17:17:33Z","cbd3067f182f1d6e595831b7280ed55c"
"twZuezK4PHC5LbsY_YhzVNLPLRk","Bonnie  Bakoh","twZuezK4PHC5LbsY_YhzVNLPLRk","Bonnie  Bakoh","true","Google Sheets","2022-10-10T10:16:23Z","4.2.3","Feature","twZuezK4PHC5LbsY_YhzVNLPLRk-20221010101623.768466269","[""div:nth-child(60) > .MuiPaper-root > .MuiCardActions-root:nth-child(3) > .MuiButtonBase-root > .MuiButton-label:nth-child(1)""]","1665396983759","2022-10-31T17:17:33Z","cbd3067f182f1d6e595831b7280ed55c"
"Fd-lOPOA68eFXTV-rQCBUEiILWs","Bonnie  Bakoh","Fd-lOPOA68eFXTV-rQCBUEiILWs","Bonnie  Bakoh","true","Twilio","2022-10-10T10:26:12Z","4.2.3","Feature","Fd-lOPOA68eFXTV-rQCBUEiILWs-20221010102612.245857796","[""div:nth-child(121) > .MuiPaper-root > .MuiCardActions-root:nth-child(3) > .MuiButtonBase-root > .MuiButton-label:nth-child(1)""]","1665397572237","2022-10-31T17:17:33Z","cbd3067f182f1d6e595831b7280ed55c"
"VAmGkOwG-19DFFVyXvZLWCeiUz8","Bonnie  Bakoh","VAmGkOwG-19DFFVyXvZLWCeiUz8","Bonnie  Bakoh","true","Hubspot (beta)","2022-10-10T10:17:48Z","4.2.3","Feature","VAmGkOwG-19DFFVyXvZLWCeiUz8-20221010101748.626674425","[""div:nth-child(68) > .MuiPaper-root > .MuiCardActions-root:nth-child(3) > .MuiButtonBase-root > .MuiButton-label:nth-child(1)""]","1665397068612","2022-10-31T17:17:33Z","cbd3067f182f1d6e595831b7280ed55c"
"8R0kbaYLX53wxRlrix15SRNNn_Q","Bonnie  Bakoh","8R0kbaYLX53wxRlrix15SRNNn_Q","Bonnie  Bakoh","true","Zendesk Chats","2022-10-10T10:30:28Z","4.2.3","Feature","8R0kbaYLX53wxRlrix15SRNNn_Q-20221010103028.012072631","[""div:nth-child(129) > .MuiPaper-root > .MuiCardActions-root:nth-child(3) > .MuiButtonBase-root > .MuiButton-label:nth-child(1)""]","1665397828000","2022-10-31T17:17:33Z","cbd3067f182f1d6e595831b7280ed55c"
"4KKffpd6z-J8_1Ct9IkYdEIONq0","Bonnie  Bakoh","4KKffpd6z-J8_1Ct9IkYdEIONq0","Bonnie  Bakoh","true","Planhat","2022-10-10T10:22:25Z","4.2.3","Feature","4KKffpd6z-J8_1Ct9IkYdEIONq0-20221010102225.421014554","[""div:nth-child(95) > .MuiPaper-root > .MuiCardActions-root:nth-child(3) > .MuiButtonBase-root > .MuiButton-label:nth-child(1)""]","1665397345411","2022-10-31T17:17:33Z","cbd3067f182f1d6e595831b7280ed55c"
"_iJnC-DArKAgZvJbx0vtv79aWD8","Bonnie  Bakoh","_iJnC-DArKAgZvJbx0vtv79aWD8","Bonnie  Bakoh","true","Aftership","2022-10-10T10:06:29Z","4.2.3","Feature","_iJnC-DArKAgZvJbx0vtv79aWD8-20221010100629.860188180","[""div:nth-child(7) > .MuiPaper-root > .MuiCardActions-root:nth-child(3) > .MuiButtonBase-root > .MuiButton-label:nth-child(1)""]","1665396389851","2022-10-31T17:17:33Z","cbd3067f182f1d6e595831b7280ed55c"
"9wgxAcQwyWPV748Rh__L9xRe_3E","Bonnie  Bakoh","9wgxAcQwyWPV748Rh__L9xRe_3E","Bonnie  Bakoh","true","Currency exchange rates","2022-10-10T10:12:29Z","4.2.3","Feature","9wgxAcQwyWPV748Rh__L9xRe_3E-20221010101229.039174450","[""div:nth-child(35) > .MuiPaper-root > .MuiCardActions-root:nth-child(3) > .MuiButtonBase-root > .MuiButton-label:nth-child(1)""]","1665396749029","2022-10-31T17:17:33Z","cbd3067f182f1d6e595831b7280ed55c"
"UA-1RFqh8is6wjXSg_XBtaNPoDg","Bonnie  Bakoh","UA-1RFqh8is6wjXSg_XBtaNPoDg","Bonnie  Bakoh","true","AppsFlyer - Partners Reports","2022-10-10T10:08:54Z","4.2.3","Feature","UA-1RFqh8is6wjXSg_XBtaNPoDg-20221010100854.403539629","[""div:nth-child(15) > .MuiPaper-root > .MuiCardActions-root:nth-child(3) > .MuiButtonBase-root > .MuiButton-label:nth-child(1)""]","1665396534388","2022-10-31T17:17:33Z","cbd3067f182f1d6e595831b7280ed55c"
"_cIqWCBMCuKq-CKA9lPZJGSre-0","Bonnie  Bakoh","_cIqWCBMCuKq-CKA9lPZJGSre-0","Bonnie  Bakoh","true","Quickbooks","2022-10-10T10:23:05Z","4.2.3","Feature","_cIqWCBMCuKq-CKA9lPZJGSre-0-20221010102305.556616734","[""div:nth-child(99) > .MuiPaper-root > .MuiCardActions-root:nth-child(3) > .MuiButtonBase-root > .MuiButton-label:nth-child(1)""]","1665397385548","2022-10-31T17:17:33Z","cbd3067f182f1d6e595831b7280ed55c"
"4o_PkdTg5rNMsbQ4VQc0tSfAVeY","Bonnie  Bakoh","4o_PkdTg5rNMsbQ4VQc0tSfAVeY","Bonnie  Bakoh","true","Commission Junction (CJ) Affiliate","2022-10-10T10:11:53Z","4.2.3","Feature","4o_PkdTg5rNMsbQ4VQc0tSfAVeY-20221010101154.005281064","[""div:nth-child(32) > .MuiPaper-root > .MuiCardActions-root:nth-child(3) > .MuiButtonBase-root > .MuiButton-label:nth-child(1)""]","1665396713993","2022-10-31T17:17:33Z","cbd3067f182f1d6e595831b7280ed55c"
"qY2ndcUVph2IXVkP5koUa2IPC-M","Bonnie  Bakoh","qY2ndcUVph2IXVkP5koUa2IPC-M","Bonnie  Bakoh","true","Optimise Network","2022-10-10T10:21:07Z","4.2.3","Feature","qY2ndcUVph2IXVkP5koUa2IPC-M-20221010102107.693550854","[""div:nth-child(87) > .MuiPaper-root > .MuiCardActions-root:nth-child(3) > .MuiButtonBase-root > .MuiButton-label:nth-child(1)""]","1665397267684","2022-10-31T17:17:33Z","cbd3067f182f1d6e595831b7280ed55c"
"MIKTpogfpwu2cb8AjRI4OeUBu1Y","Bonnie  Bakoh","MIKTpogfpwu2cb8AjRI4OeUBu1Y","Bonnie  Bakoh","true","Quantcast","2022-10-10T10:22:56Z","4.2.3","Feature","MIKTpogfpwu2cb8AjRI4OeUBu1Y-20221010102256.520312463","[""div:nth-child(98) > .MuiPaper-root > .MuiCardActions-root:nth-child(3) > .MuiButtonBase-root > .MuiButton-label:nth-child(1)""]","1665397376512","2022-10-31T17:17:33Z","cbd3067f182f1d6e595831b7280ed55c"
"OfbtmU9_u1noqsptMlG4v-LAQZw","Bonnie  Bakoh","OfbtmU9_u1noqsptMlG4v-LAQZw","Bonnie  Bakoh","true","HiBob","2022-10-10T10:16:59Z","4.2.3","Feature","OfbtmU9_u1noqsptMlG4v-LAQZw-20221010101659.604135330","[""div:nth-child(64) > .MuiPaper-root > .MuiCardActions-root:nth-child(3) > .MuiButtonBase-root > .MuiButton-label:nth-child(1)""]","1665397019596","2022-10-31T17:17:33Z","cbd3067f182f1d6e595831b7280ed55c"
"vRotDY07kfjQIixRdjxEh-P0xJQ","Bonnie  Bakoh","vRotDY07kfjQIixRdjxEh-P0xJQ","Bonnie  Bakoh","true","Build Your Own (beta)","2022-10-10T10:11:06Z","4.2.3","Feature","vRotDY07kfjQIixRdjxEh-P0xJQ-20221010101106.985886619","[""div:nth-child(27) > .MuiPaper-root > .MuiCardActions-root:nth-child(3) > .MuiButtonBase-root > .MuiButton-label:nth-child(1)""]","1665396666974","2022-10-31T17:17:33Z","cbd3067f182f1d6e595831b7280ed55c"
"Qyt0Jx3RS1bO5GgDNLibpdusJ2g","Bonnie  Bakoh","Qyt0Jx3RS1bO5GgDNLibpdusJ2g","Bonnie  Bakoh","true","SQL Console","2022-07-01T13:20:37Z","4.2.3","Feature","Qyt0Jx3RS1bO5GgDNLibpdusJ2g-20220701132037.713854473","[""[href=\""/sql-console\""] > .MuiListItemIcon-root > .MuiSvgIcon-root""]","1656681637704","2022-10-31T17:17:33Z","cbd3067f182f1d6e595831b7280ed55c"
"HuVQrZtUauLOPfzNkTFeZas7uCc","Bonnie  Bakoh","HuVQrZtUauLOPfzNkTFeZas7uCc","Bonnie  Bakoh","true","Pipedrive","2022-10-10T10:22:17Z","4.2.3","Feature","HuVQrZtUauLOPfzNkTFeZas7uCc-20221010102217.754531790","[""div:nth-child(94) > .MuiPaper-root > .MuiCardActions-root:nth-child(3) > .MuiButtonBase-root > .MuiButton-label:nth-child(1)""]","1665397337742","2022-10-31T17:17:33Z","cbd3067f182f1d6e595831b7280ed55c"
"L2B9Nf9ll9jhGmBCp5t44ZTbaAs","Bonnie  Bakoh","L2B9Nf9ll9jhGmBCp5t44ZTbaAs","Bonnie  Bakoh","true","Microsoft SharePoint","2022-10-10T10:19:42Z","4.2.3","Feature","L2B9Nf9ll9jhGmBCp5t44ZTbaAs-20221010101942.184843483","[""div:nth-child(78) > .MuiPaper-root > .MuiCardActions-root:nth-child(3) > .MuiButtonBase-root > .MuiButton-label:nth-child(1)""]","1665397182174","2022-10-31T17:17:33Z","cbd3067f182f1d6e595831b7280ed55c"
"uOS4h7YxiH5YJFZoLuyEfxj_6yE","Bonnie  Bakoh","uOS4h7YxiH5YJFZoLuyEfxj_6yE","Bonnie  Bakoh","true","Amplitude","2022-10-10T10:08:08Z","4.2.3","Feature","uOS4h7YxiH5YJFZoLuyEfxj_6yE-20221010100808.150068442","[""div:nth-child(12) > .MuiPaper-root > .MuiCardActions-root:nth-child(3) > .MuiButtonBase-root > .MuiButton-label:nth-child(1)""]","1665396488137","2022-10-31T17:17:33Z","cbd3067f182f1d6e595831b7280ed55c"
"xA87rDGDv-_38K7pVzC_SbuIwEU","Bonnie  Bakoh","xA87rDGDv-_38K7pVzC_SbuIwEU","Bonnie  Bakoh","false","Adyen Connector","2022-10-08T16:44:48Z","4.2.3","Feature","xA87rDGDv-_38K7pVzC_SbuIwEU-20221008164448.337241414","[""div:nth-child(5) > .MuiPaper-root > .MuiCardActions-root:nth-child(3) > .MuiButtonBase-root > .MuiButton-label:nth-child(1)""]","1665247488327","2022-10-31T17:17:33Z","cbd3067f182f1d6e595831b7280ed55c"
"K7SBaBM1QDnsKUfDzF1dKMmtN04","Bonnie  Bakoh","K7SBaBM1QDnsKUfDzF1dKMmtN04","Bonnie  Bakoh","true","Google Analytics","2022-10-10T10:15:57Z","4.2.3","Feature","K7SBaBM1QDnsKUfDzF1dKMmtN04-20221010101557.893178200","[""div:nth-child(56) > .MuiPaper-root > .MuiCardActions-root:nth-child(3) > .MuiButtonBase-root > .MuiButton-label:nth-child(1)""]","1665396957883","2022-10-31T17:17:33Z","cbd3067f182f1d6e595831b7280ed55c"
"vuXTeiJdfbyt26ZPzlqS-2CT1Sw","Bonnie  Bakoh","vuXTeiJdfbyt26ZPzlqS-2CT1Sw","Bonnie  Bakoh","true","Add Extract","2022-10-11T12:46:37Z","4.2.3","Feature","vuXTeiJdfbyt26ZPzlqS-2CT1Sw-20221011124638.003846618","["".MuiButton-label""]","1665492397995","2022-10-31T17:17:33Z","cbd3067f182f1d6e595831b7280ed55c"
"9XzeKdlPMJvcjGqoE1XMRbeLOIo","Bonnie  Bakoh","9XzeKdlPMJvcjGqoE1XMRbeLOIo","Bonnie  Bakoh","true","Gainsight","2022-10-10T10:15:36Z","4.2.3","Feature","9XzeKdlPMJvcjGqoE1XMRbeLOIo-20221010101536.207249599","[""div:nth-child(54) > .MuiPaper-root > .MuiCardActions-root:nth-child(3) > .MuiButtonBase-root > .MuiButton-label:nth-child(1)""]","1665396936196","2022-10-31T17:17:33Z","cbd3067f182f1d6e595831b7280ed55c"
"0N8oK6uYAdIGTSWuDgd73flW-TE","Bonnie  Bakoh","0N8oK6uYAdIGTSWuDgd73flW-TE","Bonnie  Bakoh","true","App Login","2022-07-01T13:17:10Z","4.2.3","Feature","0N8oK6uYAdIGTSWuDgd73flW-TE-20220701131710.168349940","[""form""]","1656681430161","2022-10-31T17:17:33Z","cbd3067f182f1d6e595831b7280ed55c"
"yKKLyzifRQCat0KjrAinug64ySY","Bonnie  Bakoh","yKKLyzifRQCat0KjrAinug64ySY","Bonnie  Bakoh","true","Enthuse","2022-10-10T10:13:52Z","4.2.3","Feature","yKKLyzifRQCat0KjrAinug64ySY-20221010101352.224810074","[""div:nth-child(44) > .MuiPaper-root > .MuiCardActions-root:nth-child(3) > .MuiButtonBase-root > .MuiButton-label:nth-child(1)""]","1665396832216","2022-10-31T17:17:33Z","cbd3067f182f1d6e595831b7280ed55c"
"6Vibd9mLW0Pvl0pvGXVzWTEwjcg","Bonnie  Bakoh","6Vibd9mLW0Pvl0pvGXVzWTEwjcg","Bonnie  Bakoh","true","Amazon Advertising API","2022-10-10T10:06:47Z","4.2.3","Feature","6Vibd9mLW0Pvl0pvGXVzWTEwjcg-20221010100647.350012548","[""div:nth-child(8) > .MuiPaper-root > .MuiCardActions-root:nth-child(3) > .MuiButtonBase-root > .MuiButton-label:nth-child(1)""]","1665396407339","2022-10-31T17:17:33Z","cbd3067f182f1d6e595831b7280ed55c"
"Qxsxp9ZtjFiyMHS2RqgE_oqtmMA","Bonnie  Bakoh","Qxsxp9ZtjFiyMHS2RqgE_oqtmMA","Bonnie  Bakoh","true","Trustpilot","2022-10-10T10:26:04Z","4.2.3","Feature","Qxsxp9ZtjFiyMHS2RqgE_oqtmMA-20221010102604.675463631","[""div:nth-child(120) > .MuiPaper-root > .MuiCardActions-root:nth-child(3) > .MuiButtonBase-root > .MuiButton-label:nth-child(1)""]","1665397564668","2022-10-31T17:17:33Z","cbd3067f182f1d6e595831b7280ed55c"
"gVd3JULxGUdI0VtStRXL8NpqebY","Bonnie  Bakoh","gVd3JULxGUdI0VtStRXL8NpqebY","Bonnie  Bakoh","true","Sellsy","2022-10-10T10:24:08Z","4.2.3","Feature","gVd3JULxGUdI0VtStRXL8NpqebY-20221010102408.603936094","[""div:nth-child(106) > .MuiPaper-root > .MuiCardActions-root:nth-child(3) > .MuiButtonBase-root > .MuiButton-label:nth-child(1)""]","1665397448595","2022-10-31T17:17:33Z","cbd3067f182f1d6e595831b7280ed55c"
"Ro8KgmhlqRHRdCbiPcfLiMvvQq8","Bonnie  Bakoh","Ro8KgmhlqRHRdCbiPcfLiMvvQq8","Bonnie  Bakoh","true","HiBob (IG)","2022-10-10T10:17:29Z","4.2.3","Feature","Ro8KgmhlqRHRdCbiPcfLiMvvQq8-20221010101729.843611454","[""div:nth-child(66) > .MuiPaper-root > .MuiCardActions-root:nth-child(3) > .MuiButtonBase-root > .MuiButton-label:nth-child(1)""]","1665397049836","2022-10-31T17:17:33Z","cbd3067f182f1d6e595831b7280ed55c"
"WZY_le852RkzWLAfo9RgFL-kCrM","Bonnie  Bakoh","WZY_le852RkzWLAfo9RgFL-kCrM","Bonnie  Bakoh","true","BitGo","2022-10-10T10:10:38Z","4.2.3","Feature","WZY_le852RkzWLAfo9RgFL-kCrM-20221010101038.440352156","[""div:nth-child(24) > .MuiPaper-root > .MuiCardActions-root:nth-child(3) > .MuiButtonBase-root > .MuiButton-label:nth-child(1)""]","1665396638431","2022-10-31T17:17:33Z","cbd3067f182f1d6e595831b7280ed55c"
"4IU5PyN-m6WE_8kbQK6qHu8lq_4","Bonnie  Bakoh","4IU5PyN-m6WE_8kbQK6qHu8lq_4","Bonnie  Bakoh","true","Elasticsearch","2022-10-10T10:13:43Z","4.2.3","Feature","4IU5PyN-m6WE_8kbQK6qHu8lq_4-20221010101343.130582961","[""div:nth-child(43) > .MuiPaper-root > .MuiCardActions-root:nth-child(3) > .MuiButtonBase-root > .MuiButton-label:nth-child(1)""]","1665396823118","2022-10-31T17:17:33Z","cbd3067f182f1d6e595831b7280ed55c"
"ZdjJ7dTyeKKGCb3XTu0Wpcrrwzo","Bonnie  Bakoh","ZdjJ7dTyeKKGCb3XTu0Wpcrrwzo","Bonnie  Bakoh","true","ReCharge","2022-10-10T10:23:31Z","4.2.3","Feature","ZdjJ7dTyeKKGCb3XTu0Wpcrrwzo-20221010102331.223793166","[""div:nth-child(102) > .MuiPaper-root > .MuiCardActions-root:nth-child(3) > .MuiButtonBase-root > .MuiButton-label:nth-child(1)""]","1665397411214","2022-10-31T17:17:33Z","cbd3067f182f1d6e595831b7280ed55c"
"YGbQcwrNnrRJvuW52LaKgN8R9bk","Bonnie  Bakoh","YGbQcwrNnrRJvuW52LaKgN8R9bk","Bonnie  Bakoh","true","Satismeter","2022-10-10T10:23:56Z","4.2.3","Feature","YGbQcwrNnrRJvuW52LaKgN8R9bk-20221010102356.660491773","[""div:nth-child(105) > .MuiPaper-root > .MuiCardActions-root:nth-child(3) > .MuiButtonBase-root > .MuiButton-label:nth-child(1)""]","1665397436650","2022-10-31T17:17:33Z","cbd3067f182f1d6e595831b7280ed55c"
"p2VHqbB61zscjF4gdyFEmwtGwvM","Bonnie  Bakoh","p2VHqbB61zscjF4gdyFEmwtGwvM","Bonnie  Bakoh","true","Zendesk","2022-10-10T10:27:08Z","4.2.3","Feature","p2VHqbB61zscjF4gdyFEmwtGwvM-20221010102708.155353756","[""div:nth-child(127) > .MuiPaper-root > .MuiCardActions-root:nth-child(3) > .MuiButtonBase-root > .MuiButton-label:nth-child(1)""]","1665397628144","2022-10-31T17:17:33Z","cbd3067f182f1d6e595831b7280ed55c"
"3jvkgDY52BwHmvRT9CGSVICSzgw","Bonnie  Bakoh","3jvkgDY52BwHmvRT9CGSVICSzgw","Bonnie  Bakoh","true","Click Up","2022-10-10T10:11:26Z","4.2.3","Feature","3jvkgDY52BwHmvRT9CGSVICSzgw-20221010101126.894579954","[""div:nth-child(29) > .MuiPaper-root > .MuiCardActions-root:nth-child(3) > .MuiButtonBase-root > .MuiButton-label:nth-child(1)""]","1665396686857","2022-10-31T17:17:33Z","cbd3067f182f1d6e595831b7280ed55c"
"OxNlEttLEWEtO6MmvE9S_KZQ3tw","Bonnie  Bakoh","OxNlEttLEWEtO6MmvE9S_KZQ3tw","Bonnie  Bakoh","true","CommerceTools","2022-10-10T10:11:35Z","4.2.3","Feature","OxNlEttLEWEtO6MmvE9S_KZQ3tw-20221010101135.147535253","[""div:nth-child(30) > .MuiPaper-root > .MuiCardActions-root:nth-child(3) > .MuiButtonBase-root > .MuiButton-label:nth-child(1)""]","1665396695135","2022-10-31T17:17:33Z","cbd3067f182f1d6e595831b7280ed55c"
"eFMJl7abHItUQQ_-gnXFV8h7aIg","Bonnie  Bakoh","eFMJl7abHItUQQ_-gnXFV8h7aIg","Bonnie  Bakoh","true","EverHour","2022-10-10T10:14:07Z","4.2.3","Feature","eFMJl7abHItUQQ_-gnXFV8h7aIg-20221010101407.293294172","[""div:nth-child(45) > .MuiPaper-root > .MuiCardActions-root:nth-child(3) > .MuiButtonBase-root > .MuiButton-label:nth-child(1)""]","1665396847284","2022-10-31T17:17:33Z","cbd3067f182f1d6e595831b7280ed55c"
"G_-J5CBUCJOkLXelOUSwahoGTw0","Bonnie  Bakoh","G_-J5CBUCJOkLXelOUSwahoGTw0","Bonnie  Bakoh","true","Creatio","2022-10-10T10:12:19Z","4.2.3","Feature","G_-J5CBUCJOkLXelOUSwahoGTw0-20221010101219.266668292","[""div:nth-child(34) > .MuiPaper-root > .MuiCardActions-root:nth-child(3) > .MuiButtonBase-root > .MuiButton-label:nth-child(1)""]","1665396739255","2022-10-31T17:17:33Z","cbd3067f182f1d6e595831b7280ed55c"
"DOgEn4tLp4cat0ObXVD1JRj3C6M","Bonnie  Bakoh","DOgEn4tLp4cat0ObXVD1JRj3C6M","Bonnie  Bakoh","true","Wix Answers","2022-10-10T10:26:38Z","4.2.3","Feature","DOgEn4tLp4cat0ObXVD1JRj3C6M-20221010102638.620402699","[""div:nth-child(124) > .MuiPaper-root > .MuiCardActions-root:nth-child(3) > .MuiButtonBase-root > .MuiButton-label:nth-child(1)""]","1665397598610","2022-10-31T17:17:33Z","cbd3067f182f1d6e595831b7280ed55c"
"AzALp5C9cDnNi6iZBYVKZ_UJY3o","Bonnie  Bakoh","AzALp5C9cDnNi6iZBYVKZ_UJY3o","Bonnie  Bakoh","true","Jira","2022-10-10T10:18:16Z","4.2.3","Feature","AzALp5C9cDnNi6iZBYVKZ_UJY3o-20221010101816.318906347","[""div:nth-child(71) > .MuiPaper-root > .MuiCardActions-root:nth-child(3) > .MuiButtonBase-root > .MuiButton-label:nth-child(1)""]","1665397096303","2022-10-31T17:17:33Z","cbd3067f182f1d6e595831b7280ed55c"
"LoFjSg2uhHnDgKeytxWbuY7AcCc","Bonnie  Bakoh","LoFjSg2uhHnDgKeytxWbuY7AcCc","Bonnie  Bakoh","true","Affiliate Future","2022-10-10T10:06:11Z","4.2.3","Feature","LoFjSg2uhHnDgKeytxWbuY7AcCc-20221010100611.920156296","[""div:nth-child(6) > .MuiPaper-root > .MuiCardActions-root:nth-child(3) > .MuiButtonBase-root > .MuiButton-label:nth-child(1)""]","1665396371907","2022-10-31T17:17:33Z","cbd3067f182f1d6e595831b7280ed55c"
"a9S0vZwEifnxohea662urhrocBE","Bonnie  Bakoh","a9S0vZwEifnxohea662urhrocBE","Bonnie  Bakoh","true","Klaviyo","2022-10-10T10:18:34Z","4.2.3","Feature","a9S0vZwEifnxohea662urhrocBE-20221010101834.658541336","[""div:nth-child(73) > .MuiPaper-root > .MuiCardActions-root:nth-child(3) > .MuiButtonBase-root > .MuiButton-label:nth-child(1)""]","1665397114647","2022-10-31T17:17:33Z","cbd3067f182f1d6e595831b7280ed55c"
"43NiLL-wPM18Cf5DS9EmjyABJMo","Bonnie  Bakoh","43NiLL-wPM18Cf5DS9EmjyABJMo","Bonnie  Bakoh","true","E-conomic","2022-10-10T10:13:34Z","4.2.3","Feature","43NiLL-wPM18Cf5DS9EmjyABJMo-20221010101334.331062287","[""div:nth-child(42) > .MuiPaper-root > .MuiCardActions-root:nth-child(3) > .MuiButtonBase-root > .MuiButton-label:nth-child(1)""]","1665396814321","2022-10-31T17:17:33Z","cbd3067f182f1d6e595831b7280ed55c"
"uE4JZN50FZKAIGs9R5abmPfzJeg","Bonnie  Bakoh","uE4JZN50FZKAIGs9R5abmPfzJeg","Bonnie  Bakoh","true","Harvest","2022-10-10T10:16:41Z","4.2.3","Feature","uE4JZN50FZKAIGs9R5abmPfzJeg-20221010101641.967364439","[""div:nth-child(62) > .MuiPaper-root > .MuiCardActions-root:nth-child(3) > .MuiButtonBase-root > .MuiButton-label:nth-child(1)""]","1665397001955","2022-10-31T17:17:33Z","cbd3067f182f1d6e595831b7280ed55c"
"-BVbcdSCMRtAFN4XX1G8zCPDDNs","Bonnie  Bakoh","-BVbcdSCMRtAFN4XX1G8zCPDDNs","Bonnie  Bakoh","true","Facebook Adinsights (sign in with facebook)","2022-10-10T10:14:32Z","4.2.3","Feature","-BVbcdSCMRtAFN4XX1G8zCPDDNs-20221010101432.611476059","[""div:nth-child(48) > .MuiPaper-root > .MuiCardActions-root:nth-child(3) > .MuiButtonBase-root > .MuiButton-label:nth-child(1)""]","1665396872602","2022-10-31T17:17:33Z","cbd3067f182f1d6e595831b7280ed55c"
"3Ji5TAfAlyodigIYKsMBgNSLYo0","Bonnie  Bakoh","3Ji5TAfAlyodigIYKsMBgNSLYo0","Bonnie  Bakoh","true","Microsoft Dynamics 365 Business Central","2022-10-10T10:19:21Z","4.2.3","Feature","3Ji5TAfAlyodigIYKsMBgNSLYo0-20221010101921.840484099","[""div:nth-child(77) > .MuiPaper-root > .MuiCardActions-root:nth-child(3) > .MuiButtonBase-root > .MuiButton-label:nth-child(1)""]","1665397161829","2022-10-31T17:17:33Z","cbd3067f182f1d6e595831b7280ed55c"
"7QNolDVUVgRRwmCtuXJVRux2rMA","Bonnie  Bakoh","7QNolDVUVgRRwmCtuXJVRux2rMA","Bonnie  Bakoh","true","Asana","2022-10-10T10:09:27Z","4.2.3","Feature","7QNolDVUVgRRwmCtuXJVRux2rMA-20221010100927.627179643","[""div:nth-child(17) > .MuiPaper-root > .MuiCardActions-root:nth-child(3) > .MuiButtonBase-root > .MuiButton-label:nth-child(1)""]","1665396567618","2022-10-31T17:17:33Z","cbd3067f182f1d6e595831b7280ed55c"
"EKPFPXk36_YPUtrJ9bFxmy8PvrQ","Bonnie  Bakoh","EKPFPXk36_YPUtrJ9bFxmy8PvrQ","Bonnie  Bakoh","true","Azure Application Insights (Unsupported)","2022-10-10T10:09:56Z","4.2.3","Feature","EKPFPXk36_YPUtrJ9bFxmy8PvrQ-20221010100956.220118511","[""div:nth-child(20) > .MuiPaper-root > .MuiCardActions-root:nth-child(3) > .MuiButtonBase-root > .MuiButton-label:nth-child(1)""]","1665396596202","2022-10-31T17:17:33Z","cbd3067f182f1d6e595831b7280ed55c"
"JNJhuQa0fCbc3d7Dn2J-UHK76bU","Bonnie  Bakoh","JNJhuQa0fCbc3d7Dn2J-UHK76bU","Bonnie  Bakoh","true","Google Ads (beta)","2022-10-10T10:15:48Z","4.2.3","Feature","JNJhuQa0fCbc3d7Dn2J-UHK76bU-20221010101548.496218887","[""div:nth-child(55) > .MuiPaper-root > .MuiCardActions-root:nth-child(3) > .MuiButtonBase-root > .MuiButton-label:nth-child(1)""]","1665396948487","2022-10-31T17:17:33Z","cbd3067f182f1d6e595831b7280ed55c"
"xck0Qpl557SoNn403qZej47a3bM","Bonnie  Bakoh","xck0Qpl557SoNn403qZej47a3bM","Bonnie  Bakoh","true","HubSpot","2022-10-10T10:17:40Z","4.2.3","Feature","xck0Qpl557SoNn403qZej47a3bM-20221010101740.234047791","[""div:nth-child(67) > .MuiPaper-root > .MuiCardActions-root:nth-child(3) > .MuiButtonBase-root > .MuiButton-label:nth-child(1)""]","1665397060225","2022-10-31T17:17:33Z","cbd3067f182f1d6e595831b7280ed55c"
"Qudrgk2tPThJ0X0mB_Gfp4OiMWg","Bonnie  Bakoh","Qudrgk2tPThJ0X0mB_Gfp4OiMWg","Bonnie  Bakoh","true","SFTP Connector","2022-10-10T10:24:16Z","4.2.3","Feature","Qudrgk2tPThJ0X0mB_Gfp4OiMWg-20221010102416.506333780","[""div:nth-child(107) > .MuiPaper-root > .MuiCardActions-root:nth-child(3) > .MuiButtonBase-root > .MuiButton-label:nth-child(1)""]","1665397456495","2022-10-31T17:17:33Z","cbd3067f182f1d6e595831b7280ed55c"
"4n0hVbER_9zfPj-pcwRNqoD9WFQ","Bonnie  Bakoh","4n0hVbER_9zfPj-pcwRNqoD9WFQ","Bonnie  Bakoh","true","Orderhive","2022-10-10T10:21:24Z","4.2.3","Feature","4n0hVbER_9zfPj-pcwRNqoD9WFQ-20221010102124.073294077","[""div:nth-child(89) > .MuiPaper-root > .MuiCardActions-root:nth-child(3) > .MuiButtonBase-root > .MuiButton-label:nth-child(1)""]","1665397284063","2022-10-31T17:17:33Z","cbd3067f182f1d6e595831b7280ed55c"
"Zz0GPiaEqWpqmZFE-Vduolixy04","Bonnie  Bakoh","Zz0GPiaEqWpqmZFE-Vduolixy04","Bonnie  Bakoh","true","MSSQL","2022-10-10T10:20:29Z","4.2.3","Feature","Zz0GPiaEqWpqmZFE-Vduolixy04-20221010102029.585428769","[""div:nth-child(82) > .MuiPaper-root > .MuiCardActions-root:nth-child(3) > .MuiButtonBase-root > .MuiButton-label:nth-child(1)""]","1665397229572","2022-10-31T17:17:33Z","cbd3067f182f1d6e595831b7280ed55c"
"SfTpJ10bXW7oAmK7Hpln8gDCdE8","Bonnie  Bakoh","SfTpJ10bXW7oAmK7Hpln8gDCdE8","Bonnie  Bakoh","true","Google Search Console","2022-10-10T10:16:15Z","4.2.3","Feature","SfTpJ10bXW7oAmK7Hpln8gDCdE8-20221010101615.237555124","[""div:nth-child(59) > .MuiPaper-root > .MuiCardActions-root:nth-child(3) > .MuiButtonBase-root > .MuiButton-label:nth-child(1)""]","1665396975226","2022-10-31T17:17:33Z","cbd3067f182f1d6e595831b7280ed55c"
"vzr2Y-ZdnYRWds9hM2hNCA0fst0","Bonnie  Bakoh","vzr2Y-ZdnYRWds9hM2hNCA0fst0","Bonnie  Bakoh","true","Intercom API","2022-10-10T10:18:07Z","4.2.3","Feature","vzr2Y-ZdnYRWds9hM2hNCA0fst0-20221010101807.654346896","[""div:nth-child(70) > .MuiPaper-root > .MuiCardActions-root:nth-child(3) > .MuiButtonBase-root > .MuiButton-label:nth-child(1)""]","1665397087643","2022-10-31T17:17:33Z","cbd3067f182f1d6e595831b7280ed55c"
"RkqiShpg38HtL4Z7k1_h24g3Q60","Bonnie  Bakoh","RkqiShpg38HtL4Z7k1_h24g3Q60","Bonnie  Bakoh","true","FTP Connector","2022-10-10T10:15:27Z","4.2.3","Feature","RkqiShpg38HtL4Z7k1_h24g3Q60-20221010101527.689515710","[""div:nth-child(53) > .MuiPaper-root > .MuiCardActions-root:nth-child(3) > .MuiButtonBase-root > .MuiButton-label:nth-child(1)""]","1665396927679","2022-10-31T17:17:33Z","cbd3067f182f1d6e595831b7280ed55c"
"ae1-ritPG6CMvPduzUOGsQCTl_w","Bonnie  Bakoh","ae1-ritPG6CMvPduzUOGsQCTl_w","Bonnie  Bakoh","true","CommerceTools (Legacy)","2022-10-10T10:11:44Z","4.2.3","Feature","ae1-ritPG6CMvPduzUOGsQCTl_w-20221010101144.593799229","[""div:nth-child(31) > .MuiPaper-root > .MuiCardActions-root:nth-child(3) > .MuiButtonBase-root > .MuiButton-label:nth-child(1)""]","1665396704583","2022-10-31T17:17:33Z","cbd3067f182f1d6e595831b7280ed55c"